DOI,Journal_Book,Title,Year,Authors,Experimental_Study,N,Topic,Topic_medium,Topic_Family,Stimulus,Stimulus_medium,Stimulus_Family,Framing,Output,Output_medium,Output_Family,Method,Emotion,Emotion_Coarse,Emotion_Role,Key_Findings
https://doi.org/10.1177/1075547017697980,Science Communication,Catalyzing Public Engagement With Climate Change Through Informal Science Learning Centers,2017,Geiger et al.,Yes,7285,Climate_Change,Climate,Environment,Presentation,In-person,Other,None,"Understanding,Hopefulness,Intention_to_act","Thinking,Feeling,Doing","Epistemic,Affective,Behavioral",Visitors' questionnaire,Hope,Joy,Output,(1) Training presenters increase effectiveness of communication
https://doi.org/10.1177/10755470211027235,Science Communication,Using a News Article to Convey Climate Science Consensus Information,2021,Rhode et al.,Yes,1048,Climate_Change,Climate,Environment,News_Article,Articles,Text,None,Perception_of_scientific_consensus,Judgment,Epistemic,Perception of consensus questionnaire,None,None,None,"(1) Scientific consensus statement increase perception of scientific consensus,but does not affect other Climate Change attitudes"
https://doi.org/10.1177/1075547010379579,Science Communication,Aesthetics and Astronomy: Studying the Public’s Perception and Understanding of Imagery From Space,2010,Smith et al.,Yes,8866,Space,Natural_Science,Other,Images,Pictures,Image,None,Understanding,Thinking,Epistemic,Science understanding questionnaire,None,None,None,(1) non-experts are more likely to focus on aesthetic or emotional values of images
https://doi.org/10.1177/1075547007312309,Science Communication,"After the Flood: Anger,Attribution,and the Seeking of Information",2008,Griffin et al.,Yes,401,Flooding,Disaster_Events,Environment,"TV,News_Article,Radio","Video_and_TV,Articles,Sound","Image,Text,Sound",None,"Information_seeking,Information_processing,Perceived_risk","Doing,Thinking,Judgment","Behavioral,Epistemic,Epistemic",Questionnaire,"Anger,Trust","Anger,Love",Input,"(1) Anger is associated with information seeking behaviour and processing,as well as greater risk judgment,a greater sense of personal efficacy,lower trust"
https://doi.org/10.1177/1075547010366400,Science Communication,One or Many? The Influence of Episodic and Thematic Climate Change Frames on Policy Preferences and Individual Behavior Change,2011,Hart,Yes,120,Climate_Change,Climate,Environment,News_Article,Articles,Text,"episodic,thematic","Policy_support,Intention_to_act","supporting,Doing","Attitudinal,Behavioral",Questionnaire,None,None,N/A,"(1) exposure to thematic frames associated with more support for policies than exposure to episodic frame
(2) no framing effect on disposition for individual behavior change"
https://doi.org/10.1177/1075547019870811,Science Communication,The Effects of Uncertainty Frames in Three Science Communication Topics,2019,Gustafson & Rice,Yes,2247,"Climate_Change,GMO,Machinery_hazards","Climate,Techniques,Machines_and_Tools","Environment,Technology,Technology",News_Article,Articles,Text,Deficient/technical/scientific/consensus,"Perceived_certainty,Perceived_credibility,Intention_to_act","Judgment,Judgment,Doing","Epistemic,Epistemic,Behavioral","Questionnaire,credibility scale",None,None,N/A,(1) Portraying scientific findings in uncertainty frames does not have significant effects
https://doi.org/10.1177/1075547019837623,Science Communication,"Should Scientists Talk About GMOs Nicely? Exploring the Effects of Communication Styles,Source Expertise,and Preexisting Attitude",2019,Yuan et al.,Yes,416,GMO,Techniques,Technology,Blog_Article,Online_Text,Text,"agressive/nonagressive,scientists/non-scientist","Perceived_likability,Perceived_message_quality","Liking,Liking","Attitudinal,Attitudinal",Questionnaire,None,None,N/A,(1) Writer likability and perceived expertise was significant (?)
https://doi.org/10.1177/1075547017748947,Science Communication,"Testing Links Among Uncertainty,Affect,and Attitude Toward a Health Behavior",2018,Fung et al.,Yes,334,"General_Environment,General_Health","Other_Environment,Other_Health","Environment,Health",None,Other_Other,Other,None,"Information_seeking,Information_processing,Perceived_risk,Intention_to_act","Doing,Thinking,Judgment,Doing","Behavioral,Epistemic,Epistemic,Behavioral",Questionnaire,"Worry,Anger","Fear,Anger",Input,(1) worry and anger influence uncertainty judgments and attitudes toward fish avoidance and information insufficiency
https://doi.org/10.1177/1075547019846124,Science Communication,Viruses Going Viral: Impact of Fear-Arousing Sensationalist Social Media Messages on User Engagement,2019,ali et al.,Yes,786,Virus,Disease,Health,Facebook_postss,Online_Text,Text,None,Engagement,Doing,Behavioral,"Commenting,clicking reaction button,shareing post,efficacy measure",Fear,Fear,Input,(1) fear arousal increase user engagement
https://doi.org/10.1177/1075547012441873,Science Communication,"What,Me Worry? The Role of Affect in Information Seeking and Avoidance",2012,Yang & Kahlor,Yes,736,Climate_Change,Climate,Environment,Questionnaire,Other_Text,Text,None,Information_seeking,Doing,Behavioral,risk perception questionnaire,"Worry,Anxiety,Fear,Hope,Happiness,Excitedness","Fear,Fear,Fear,Joy,Joy,Joy",Input,(1) negative affect drives information seeking
https://doi.org/10.1177/1075547020910749,Science Communication,Laughing With Science: The Influence of Audience Approval on Engagement,2020,Cacciatore et al.,Yes,217,General_Science,Natural_Science,Other,Video_clip,Video_and_TV,Image,laughter/no laughter,"Epistemic_processes,Affective_response","Thinking,Feeling","Epistemic,Affective",Questionnaire,Mirth,Joy,"Input,Output",(1) Affective response is positively linked to engagement
https://doi.org/10.1177/1075547018808025,Science Communication,From White Lab Coats and Crazy Hair to Actual Scientists: Exploring the Impact of Researcher Interaction and Performing Arts on Students’ Perceptions and Motivation for Science,2018,Mallén et al.,Yes,135,STEM,Natural_Science,Other,In-person_Stand-up_and_Improv,In-person,Other,Type of framing,"Perception_of_scientists,Interest_in_science","Liking,Liking","Attitudinal,Attitudinal","free-listing,pre- and post-survey",None,None,N/A,"(1) Drama based technieques increase interest in scientific careers
(2) interaction with scientists reduce stereotyped perception"
https://doi.org/10.1177/1075547020974384,Science Communication,"Countering the “Harmless E-Cigarette” Myth: The Interplay of Message Format,Message Sidedness,and Prior Experience With E-Cigarette Use in Misinformation Correction",2020,Wang & Huang,Yes,294,Cigarettes,Consumables,Health,Instagram,Online_Pictures,Image,None,Understanding,Thinking,Epistemic,Questionnaire,None,None,N/A,(1) stories more emotionally involving than nonstories but does not reduce counterarguing when used as correctives
https://doi.org/10.1177/10755470211008192,Science Communication,How Effective Are Concrete and Abstract Climate Change Images? The Moderating Role of Construal Level in Climate Change Visual Communication,2021,Duan et al.,Yes,448,Climate_Change,Climate,Environment,Images_of_Text_Color_IllustrativeScale,Pictures,Image,abstract/concrete,Intention_to_act,Doing,Behavioral,Questionnaire,Unspecified,None,Input,(1) concrete images does not lead to  increased level of concern
https://doi.org/10.1177/1075547009335345,Science Communication,Tacit Understandings of Health Literacy: Interview and Survey Research With Health Journalists,2009,Hinnant et al.,Yes,396,General_Health,Other_Health,Health,Interview_Questions,Other_Text,Text,None,Understanding,Thinking,Epistemic,"Interview,Questionnaire",None,None,N/A,None
https://doi.org/10.1177/1075547020947743,Science Communication,To Eat or Not to Eat: Framing of GMOs in American Media and Its Effects on Attitudes and Behaviors,2020,Pjesivac et al.,Yes,182,GMO,Techniques,Technology,News_Sample,Articles,Text,risk/opportunity,"Intention_to_act,Observed_behavior","Doing,Doing","Behavioral,Behavioral","Questionnaire,observed behavior in choice of apple","Fear,Fear,Hope","Fear,Fear,Joy",Input,"(1) Framng affect attitudes and can change them. 
(2) affect behavioral intentions but not actual behavior"
https://doi.org/10.1177/1075547018822081,Science Communication,The Effects of the “War on Science” Frame on Scientists’ Credibility,2019,Hardy et al.,Yes,1024,General_Science,Natural_Science,Other,Blog_Article,Online_Text,Text,war on science/challenge for science/neglect of science,Perceived_credibility,Judgment,Epistemic,Questionnaire,Unspecified,None,Input,(1) War on science frame makes conservatives report lower agreement with scientist credibility index
https://doi.org/10.1177/10755470211022024,Science Communication,Debunking Misinformation About Genetically Modified Food Safety on Social Media: Can Heuristic Cues Mitigate Biased Assimilation?,2021,Wang & Huang,Yes,330,GMO,Techniques,Technology,Facebook_posts,Online_Text,Text,None,"Understanding,Perceived_credibility","Thinking,Judgment","Epistemic,Epistemic",Questionnaire,None,None,N/A,(1) Corrective information can counteract influence of misinformation
https://doi.org/10.1177/10755470211031246,Science Communication,Mother Nature’s Fury: Antagonist Metaphors for Natural Disasters Increase Forecasts of Their Severity and Encourage Evacuation,2021,Hauser et al.,Yes,1936,Natural_disasters,Disaster_Events,Environment,Vignette,Other_Text,Text,antagonist/literal,Perceived_risk,Judgment,Epistemic,Questionnaire,None,None,N/A,"(1) antagonist framed increase perception of severity
(2) Metaphors are effective for risk communication"
https://doi.org/10.1177/1075547005285334,Science Communication,“Social Change” and “Status Quo” Framing Effects on Risk Perception: An Exploratory Experiment,2006,Durfee,Yes,111,General_Environment,Other_Environment,Environment,News_Article,Articles,Text,Social change/status quo,Perceived_risk,Judgment,Epistemic,risk perception questionnaire,None,None,N/A,(1) social change framing increase rissk awareness
https://doi.org/10.1177/1075547016673200,Science Communication,Information Insufficiency and Information Seeking: An Experiment,2016,Hwang & Jeong,Yes,307,General_Health,Other_Health,Health,Vignette,Other_Text,Text,low/high distance,Information_seeking,Doing,Behavioral,information-seeking questionnaire,None,None,N/A,(1) high suffiency threshold result in greater information seeking intention
https://doi.org/10.1177/1075547019863154,Science Communication,The Impact of Message Source on the Effectiveness of Communications About Climate Change,2019,Bolsen et al.,Yes,1850,Climate_Change,Climate,Environment,General_Article,Articles,Text,threat to environment/USA,Perceived_threat,Belief,Epistemic,threat perception questionnaire,Trust,Love,N/A,(1) Messages attributed to military leaders or republican party leaders can enhance impact of appeal.
https://doi.org/10.1177/1075547009358625,Science Communication,Early Exposures to Ecogenomics: Effects of Priming and Web Site Interactivity Among Adolescents,2010,Bos et al.,Yes,273,Emergent_Technologies,Techniques,Technology,Webpage,Online_Text,Text,None,"Information_processing,Attitude_change","Thinking,Liking","Epistemic,Attitudinal","Attitude questionnaire,observed time invested in information-processing,cognitive load questionnaire",None,None,N/A,(1) Priming does not affect attitude development.
https://doi.org/10.1177/1075547020914610,Science Communication,Increasing Information Seeking About Antibiotic Risks: Testing a Clinical Intervention Message Using the Risk Information Seeking and Processing Model,2020,Brinker et al.,Yes,400,Antibiotics,Disease,Health,Text_Message,Other_Text,Text,None,"Information_seeking,Perceived_risk","Doing,Judgment","Behavioral,Epistemic",risk perception Questionnaire,None,None,N/A,(1) risk information messages increase perception of information insufficiency and information seeking
https://doi.org/10.1177/1075547020942512,Science Communication,Predicting Intentions to Engage With Scientific Messages on Twitter: The Roles of Mirth and Need for Humor,2020,Yeo et al.,Yes,1530,General_Science,Natural_Science,Other,Twitter,Online_Text,Text,None,"Intention_to_act,Attitude_change","Doing,Liking","Behavioral,Attitudinal",Questionnaire,"Mirth,Mirth","Joy,Joy",Input,(1) humor mediates engagement intentions
https://doi.org/10.1177/1075547015585006,Science Communication,“Knowledge Is Power”: A Mixed-Methods Study Exploring Adult Audience Preferences for Engagement and Learning Formats Over 3 Years of a Health Science Festival,2015,Rogers et al.,Yes,661,General_Health,Other_Health,Health,Lecture_Discussion_LabExperiment,In-person,Other,None,Engagement,Doing,Behavioral,Open question self-report,None,None,N/A,(1) lectures work better than dialogue formats
https://doi.org/10.1177/1075547020951794,Science Communication,"The Power of Being Transported: Efficacy Beliefs,Risk Perceptions,and Political Affiliation in the Context of Climate Change",2020,Bieniek-Tabasco et al.,Yes,391,Climate_Change,Climate,Environment,Video_clip,Video_and_TV,Image,transport high/low,"Perceived_risk,Efficacy_beliefs","Judgment,Belief","Epistemic,Epistemic","Risk perception questionnaire,efficacy belief questionnaire",None,None,N/A,"(1) transportation affects efficacy beliefs and risk perception
(1) Political belief affects efficacy beliefs and rsk perceptions"
https://doi.org/10.1177/1075547020962100,Science Communication,"Learning From Science News via Interactive and Animated Data Visualizations: An Investigation Combining Eye Tracking,Online Survey,and Cued Retrospective Reporting",2020,Greussing et al.,Yes,45,General_Science,Natural_Science,Other,News_Article,Articles,Text,static/interactive/interactive+animated,"Attention,Recollection","Thinking,Thinking","Epistemic,Epistemic","eye tracking,information recall,involvement questionnaire",None,None,N/A,(1) interactivity and animation engage audience more strongly -- translates into highr learning
https://doi.org/10.1177/1075547009340338,Science Communication,Science Information in Fictional Movies: Effects of Context and Gender,2010,Barriga et al.,Yes,96,General_Science,Natural_Science,Other,Video_Clip,Video_and_TV,Image,Transport: High/none,Resistance_to_misinformation,Thinking,Epistemic,Questionnaire,None,None,N/A,(1) incorrect science is accepted as true from movies depend on gender of participant and the centrality of information in relation to the plot
https://doi.org/10.1177/1075547014555997,Science Communication,Putting Environmental Infographics Center Stage: The Role of Visuals at the Elaboration Likelihood Model’s Critical Point of Persuasion,2015,Lazard & Atkinson,Yes,168,General_Environment,Other_Environment,Environment,Webpage,Online_Text,Text,text/infographic,Information_processing,Thinking,Epistemic,Questionnaire,None,None,N/A,(1) visual content is important for persuasiveness of message
https://doi.org/10.1177/1075547020908598,Science Communication,Hedged Language and Partisan Media Influence Belief in Science Claims,2020,Butterfuss et al.,Yes,335,General_Science,Natural_Science,Other,Scientific_Claims,Other_Text,Text,correct/misinformation,Perceived_credibility,Judgment,Epistemic,Questionnaire,None,None,N/A,"(1) hedged language influence belief in information for individuals with certain epistemic profiles
(1) higher faith in instititutoin leads to lower belief in claims from scientific sources"
https://doi.org/10.1177/1075547018766556,Science Communication,Third-Person Perception of Science Narratives: The Case of Climate Change Denial,2018,Dahlstrom,Yes,428,Climate_Change,Climate,Environment,News_Article,Articles,Text,narrative/non-narrative,"Perceived_persuasiveness,Influence_of_message","Belief,Judgment","Epistemic,Epistemic",Questionnaire,None,None,N/A,"(1) Individuals are aware of influence of narratives and can resist the influence when they perceive the message to have negative influence
(2) otherwise they underestimate influence of narratives"
https://doi.org/10.1177/1075547007308599,Science Communication,Can a Personality Trait Predict Talk About Science?: Sensation Seeking as a Science Communication Targeting Variable,2007,Hwang & Southwell,Yes,667,Scientific_Topic,Humanities,Other,TV_news,Video_and_TV,Image,None,Engagement,Doing,Behavioral,Questionnaire,None,None,N/A,(1) Sensation seeking predicts talk about science
https://doi.org/10.1177/1075547015596367,Science Communication,Science Exemplars in the Eye of the Beholder: How Exposure to Online Science Information Affects Attitudes,2015,Knobloch-Westerwcik et al.,Yes,276,General_Science,Natural_Science,Other,General_Article,Articles,Text,exemplar/numeric,Attitude_change,Liking,Attitudinal,"observed exposure,attitude questionnaire",None,None,N/A,(1) Exemplar reading fosterede longer reading amongst high empathy individuals but less exposure among high-nmumeracy individuals
https://doi.org/10.1177/1075547016655357,Science Communication,The Impact of Climate Change–Related Imagery and Text on Public Opinion and Behavior Change,2016,Hart & Feldman,Yes,1575,Climate_Change,Climate,Environment,News_Article,Articles,Text,"image,text","Perceived_importance,Intention_to_act","Judgment,Doing","Epistemic,Behavioral",Questionnaire,None,None,N/A,"(1) Perceived efficacy and issue importance correlate with  change in behavior
(2) exposure to images does not negatively affect perceived efficacy or perceived importance"
https://doi.org/10.1177/107554700202400104,Science Communication,"How Involvement,Citation Style,and Funding Source Affect the Credibility of University Scientists",2002,Sprecker,Yes,77,None,None,None,News_Article,Articles,Text,"public/private,quote/paraphrase",Perceived_credibility,Judgment,Epistemic,credibility questionnaire,None,None,N/A,(1) funding source or citation style does not affect perceived credibility
https://doi.org/10.1177/1075547015574016,Science Communication,Environmental Science in the Media: Effects of Opposing Viewpoints on Risk and Uncertainty Perceptions,2015,Kortenkmap et al.,Yes,247,General_Environment,Other_Environment,Environment,News_Article,Articles,Text,None,Perceived_risk,Judgment,Epistemic,risk perception questionnaire,None,None,N/A,(1) reading discredited opposiing viewpoint influence risk and uncertainty perception similarly as reading balanced opposiing viewpooints
https://doi.org/10.1177/0963662520906797,Public Understanding of Science,Emotion and judgments of scientific research,2020,Drummond & Fishhoff,Yes,705,General_Health,Other_Health,Health,News_Article,Articles,Text,None,"Perceived_trust,Qualitative_judgment","trusting,Judgment","Attitudinal,Epistemic","scientific understanding questionnaire,judgment questionnaire,trust questionnaire,reasoning ability test","Fear,Anger,Disgust,Happiness,Sadness,Surprise,Trust","Fear,Anger,Anger,Joy,Sadness,Surprise,Love",Input,(1) disgust increse negative judgment of research and scientists.
https://doi.org/10.1177/0963662514544919,Public Understanding of Science,Audience responses to television news coverage of medical advances: The mediating role of audience emotions and identification,2014,Hong,Yes,99,General_Health,Other_Health,Health,TV_news,Video_and_TV,Image,human exemplar: yes/no,Perceived_quality,Liking,Attitudinal,Questionnaire,"Hope,Fear,Anger,Relief","Joy,Fear,Anger,Joy",Input,(1) news stories with human example intensify positive emotions
https://doi.org/10.1177/0963662519832200,Public Understanding of Science,Disgusting microbes: The effect of disgust on perceptions of risks related to modifying microbiomes,2019,Yeo et al.,Yes,1005,Microbes,Disease,Health,News_Article,Articles,Text,"digust/no disgust,human/no human",Perceived_risk,Judgment,Epistemic,Questionnaire,Disgust,Anger,Input,(1) disgust increase risk perception
https://doi.org/10.1177/0963662514533623,Public Understanding of Science,"Does a picture tell a thousand words? The uses of digitally produced,multimodal pictures for communicating information about Alzheimer’s disease",2015,Dobos et al.,Yes,206,General_Health,Other_Health,Health,Picture,Pictures,Image,None,Understanding,Thinking,Epistemic,Questionnaire,Anger,Anger,Input,"(1) pictures are useful for evoking emotions,rather than convey spicific messages"
https://doi.org/10.1177/09636625211020661,Public Understanding of Science,Fostering Climate Change consensus: The role of intimacy in group discussions,2021,van Swol et al.,Yes,329,Climate_Change,Climate,Environment,News_Article,Articles,Text,None,Opinion_change,supporting,Attitudinal,Questionnaire,None,None,N/A,(1) intimacy increases likelihood of reaching consensus and change of opinion
https://doi.org/10.1177/0963662515603271,Public Understanding of Science,Public perceptions of expert disagreement: Bias and incompetence or a complex and random world?,2017,Dieckmann et al.,Yes,1500,General_Science,Natural_Science,Other,"News_Article,TV_news","Articles,Video_and_TV","Text,Image",paper/online/television,Perception_of_expert_disputes,Judgment,Epistemic,"cognitive ability questiionnaire,self-report questionnaire",None,None,N/A,"(1) people with low education and low self-knowledge attribute expert disbutes to incompetence
(2) people with high self-report knowledge attribute dispute to ideological or financial reasons
(3) high education attribute disputes to natural factors such as complexity
"
https://doi.org/10.1177/0963662521989191,Public Understanding of Science,Call them COVIDiots: Exploring the effects of aggressive communication style and psychological distance in the communication of COVID-19,2021,Chu et al.,Yes,464,COVID,Disease,Health,Letter_from_Doctor,Other_Text,Text,"close/distant,neutral/agressive","Perceived_likability,Perceived_quality","Liking,Liking","Attitudinal,Attitudinal",Questionnaire,Aggression,Anger,Input,(1) agressive commuinication may generate positive outcome when dealing with public understanding
https://doi.org/10.1177/0963662511429412,Public Understanding of Science,Relationships among affective factors and preferred engagement in science-related activities,2012,Lin et al.,Yes,8375,General_Science,Natural_Science,Other,Natural_Variables,Natural_Variables,Other,None,Understanding,Thinking,Epistemic,Questionnaire,None,None,N/A,(1) development of science competency may not be the best way to ensure public engagement and undderstanding of science
https://doi.org/10.1177/0963662520942122,Public Understanding of Science,A review of the effects of uncertainty in public science communication,2020,Gustafson & Rice,Yes,48,Science_Communication,Humanities,Other,None,Other_Other,Other,None,Perceived_credibility,Judgment,Epistemic,Literature review,Uncertainty,Sadness,Input,(1) most credibility-reduction effects of uncertainty are from consensus uncertainty
https://doi.org/10.1177/0963662521991732,Public Understanding of Science,Stop avoiding the inevitable: The effects of anthropomorphism in science writing for non-experts,2021,McGellin et al.,Yes,174,General_Science,Natural_Science,Other,General_Text,Other_Text,Text,Anthromorphic/un-anthromorphic,Understanding,Thinking,Epistemic,Questionnaire,None,None,N/A,(1) Anthropomorphism is evocative without causing significant misconceptions
https://doi.org/10.1177/0963662519833903,Public Understanding of Science,Hot topics in science communication: Aggressive language decreases trustworthiness and credibility in scientific debates,2019,König & Jucks,Yes,221,Climate_Change,Climate,Environment,Video,Video_and_TV,Image,aggressive/non-aggressive,Perceived_trust,trusting,Attitudinal,Questionnaire,Trust,Love,Input,"(1) person introduced as a lobbyist decrease perceived trustworthiness
(2) Aggressive language is perceived as less trustworthy"
https://doi.org/10.1177/0963662519886474,Public Understanding of Science,Shifting public engagement: How media coverage of Climate Change conferences affects Climate Change audience segments,2019,Wonneberger et al.,Yes,876,Climate_Change,Climate,Environment,TV_news,Video_and_TV,Image,None,"Belief_change,Engagement,Intention_to_act","Belief,Doing,Doing","Epistemic,Behavioral,Behavioral",Questionnaire,None,None,N/A,(1) media effects may be limited in changing public opinion due to dis(confirmation) effects
https://doi.org/10.1177/0963662507087306,Public Understanding of Science,"Adolescent responses toward a new technology: first associations,information seeking and affective responses to ecogenomics",2009,Bos et al.,Yes,752,Economics,Humanities,Other,General_Text,Other_Text,Text,None,"Information_seeking,Perceived_credibility","Doing,Judgment","Behavioral,Epistemic","open/closed questions,trust questionnaire,information intention questionnaire",Trust,Love,Input,"(1) adolescent information seeking is mostly internet,books and science communication professionals were judged as most trustworthy information source"
https://doi.org/10.1177/0963662510387759,Public Understanding of Science,Conflicting stories about public scientific controversies: Effects of news convergence and divergence on scientists’ credibility,2012,Jensen & Hurley,Yes,242,General_Environment,Other_Environment,Environment,News_Article,Articles,Text,convergent/divergent,Perceived_certainty,Judgment,Epistemic,"perceived uncertainty,perceived trustworthiness",None,None,N/A,(1) (?)
https://doi.org/10.1177/0963662512454072,Public Understanding of Science,Persuasive images in popular science: Testing judgments of scientific reasoning and credibility,2012,Gruber & Dickerson,Yes,183,General_Science,Natural_Science,Other,General_Article,Articles,Text,image/no image,Perceived_credibility,Judgment,Epistemic,credibility questionnaire,None,None,N/A,(1) images alone may not have strong effect on persuasiveness
https://doi.org/10.1177/0963662519865982,Public Understanding of Science,Abstract or concrete? The effect of Climate Change images on people’s estimation of egocentric psychological distance,2019,Duan et al,Yes,402,Climate_Change,Climate,Environment,"News_Article,TV_news","Articles,Video_and_TV","Text,Image",abstract/concrete,Perceived_psychological_distance,Judgment,Epistemic,Questionnaire,None,None,N/A,(1) abstract images increase perception of Climate Change as distant issue
https://doi.org/10.1177/0963662506071282,Public Understanding of Science,Framing effects on risk perception of nanotechnology,2008,Schütz & Wiedermann,Yes,194,Nanotechnology,Techniques,Technology,General_Text,Other_Text,Text,issue framing/context framing,Perceived_risk,Judgment,Epistemic,probability of risk scenarios,None,None,N/A,(1) different types of benefit framing does not affect risk perception
https://doi.org/10.1177/0963662520987806,Public Understanding of Science,Naming is framing: The framing effect of technology name on public attitude toward automated vehicles,2021,Liu et al.,Yes,908,Automated_vehicles,Machines_and_Tools,Technology,General_Text,Other_Text,Text,automated/driverless,"Perceived_benefit,Intention_to_act","Judgment,Doing","Epistemic,Behavioral",Questionnaire,None,None,N/A,(1) Technology naming influence behavioral intention through cognitive and affective responses
https://doi.org/10.1177/0963662520945136,Public Understanding of Science,Transformation of the media landscape: Infotainment versus expository narrations for communicating science in online videos,2020,Davis et al.,Yes,870,Climate_Change,Climate,Environment,Video,Video_and_TV,Image,expository/infotainment,"Perceived_credibility,Perceived_likability","Judgment,Liking","Epistemic,Attitudinal",Questionnaire,None,None,N/A,"(1) expository narration is liked and believed more than infotainment. However,viewers without university hbackground prefer infotainment."
https://doi.org/10.1177/0963662520963365,Public Understanding of Science,"Knowledge,(mis-)conceptions,risk perception,and behavior change during pandemics: A scoping review of 149 studies",2020,Majid et al.,"No,Review",149,General_Health,Other_Health,Health,None,Other_Other,Other,None,"Perceived_risk,Behavioral_change","Judgment,Doing","Epistemic,Behavioral",Literature review,None,None,N/A,(?)
https://doi.org/10.1177/0963662520966165,Public Understanding of Science,"The spread of fake science: Lexical concreteness,proximity,misinformation sharing,and the moderating role of subjective knowledge",2020,Kirkpatrick,Yes,358,"Climate_Change,COVID","Climate,Disease","Environment,Health",News_Quote,Other_Text,Text,None,Perceived_threat,Belief,Epistemic,Questionnaire,None,None,Input,(1) concrete misinformation prime psychological proximity which increases threat perception
https://doi.org/10.1177/0963662507087304,Public Understanding of Science,Religiosity as a perceptual filter: examining processes of opinion formation about nanotechnology,2009,Brossard et al.,Yes,706,Nanotechnology,Techniques,Technology,Natural_Variables,Natural_Variables,Other,None,Policy_support,supporting,Attitudinal,"perception of risk questionnaire,Questionnaire",None,None,N/A,"(1) risk and benefit perceptions drive public support for funding tech,not levels of knowledge
(2) rekuguiys belief indirectly affect levels of support"
https://doi.org/10.1177/0963662511430577,Public Understanding of Science,The role of scientific knowledge in shaping public attitudes to GM technologies,2012,Mielby et al.,Yes,2000,GMO,Techniques,Technology,"Science_Questions,Open_Questions","Other_Text,Other_Text","Text,Text",None,Understanding,Thinking,Epistemic,understanding questionnaire,None,None,N/A,(1) knowledge increases likelihood of differentiated opinions
https://doi.org/10.1177/0963662513476405,Public Understanding of Science,Public participation processes related to nuclear research installations: What are the driving factors behind participation intention?,2013,Turcanu & Perko,Yes,1020,Nuclear_Research,Techniques,Technology,Natural_Variables,Natural_Variables,Other,None,Engagement,Doing,Behavioral,"attitude questionnaire,participation questionnaire",None,None,N/A,(1) Moral norms and attitudes towards participation are strongest predictor of participation intention
https://doi.org/10.1177/0963662506064240,Public Understanding of Science,Investigating public science interest and understanding: evidence for the importance of free-choice learning,2007,Falk et al.,Yes,877,General_Science,Natural_Science,Other,Natural_Variables,Natural_Variables,Other,None,Perceived_understanding,Judgment,Epistemic,Telephone interview,None,None,N/A,"(1) Science information comes from many different places,including leisure time and free-choice learning"
https://doi.org/10.1177/0963662520915359,Public Understanding of Science,Scientists as comedians: The effects of humor on perceptions of scientists and scientific messages,2020,Yeo et al.,Yes,110,General_Science,Natural_Science,Other,Video,Video_and_TV,Image,None,Perceived_credibility,Judgment,Epistemic,"perceived likeability,perceived expertise,",Mirth,Joy,Input,(1) respondents who perceive more humor had more positive views about comedy as source of scientific information
https://doi.org/10.25384/sage.c.5039987.v1,Science Communication,Emotion and the Psychological Distance of Climate Change,2019,Chu & Yang,Yes,429,Climate_Change,Climate,Environment,News_Article,Articles,Text,close/distant,Policy_support,supporting,Attitudinal,"perceived distance questionnaire,emotion indicator slide","Anger,Fear,Sadness,Guilt,Hope,Shame,Anxiety","Anger,Fear,Sadness,Sadness,Joy,Sadness,Fear",Input,"(1) Reduced psychological distance leads to increase in emotions such as anger,fear,sadness,and guilt
(2) Increased psychological distance leads to increase in abstract emotion,such as hope
(3) anger,anxiety and hope had more impact on mitigation action and policy support than fear,guilt,and shame"
https://doi.org/10.1177/1075547015617941,Science Communication,Using Political Efficacy Messages to Increase Climate Activism: The Mediating Role of Emotions,2015,Feldman & Hart,Yes,425,Climate_Change,Climate,Environment,News_Article,Articles,Text,None,Intention_to_act,Doing,Behavioral,"intention to participate questionnaire,emotions questionnaire",None,None,N/A,"(1) Exposure to efficacy information influence hope and fear,but not anger
(2) effects vary by political idealogy
(3) exposure to efficacy information increases participation via hope"
https://doi.org/10.1177/1075547017718553,Science Communication,Effects of Goal Framing and Emotions on Perceived Threat and Willingness to Sacrifice for Climate Change,2017,Bilandzic et al.,Yes,247,Climate_Change,Climate,Environment,General_Text,Other_Text,Text,gain/loss,"Perceived_threat,Willingness_to_sacrifice","Belief,Doing","Epistemic,Behavioral","perceived threat questionnaire,willingness to sacrifice questionnaire","Guilt,Fear,Hope","Sadness,Fear,Joy",Input,"(1) Gain-negative frames increase perceived threat and willingness to sacrifice
(2) Loss frames increase perceived threat and willingness to sacrifice mediated by guilt and fear
(3) gain-positive frame increase perceived threat and willingness to sacrifice through hope"
https://doi.org/10.1007/s10584-012-0513-6,Climate Change,A public health frame arouses hopeful emotions about Climate Change,2012,Myers et al.,Yes,1127,Climate_Change,Climate,Environment,General_Text,Other_Text,Text,environhment/national security/health,Affective_response,Feeling,Affective,emotion response,"Hope,Anger","Joy,Anger",Output,"(1) Public health focus ilicit most emotional reaction and support for CC mitigation
(2) National security frame may elicit anger"
https://doi.org/10.1016/j.gloenvcha.2011.06.004,Global Environmental Change,"Message framing influences perceived Climate Change competence,engagement,and behavioral intentions",2011,Gifford & Comeau,Yes,1038,Climate_Change,Climate,Environment,General_Text,Other_Text,Text,motivation/sacrifice,Intention_to_act,Doing,Behavioral,"perceived competence,engagement questionnaire,behavior intentions questionnaire",None,None,N/A,(1) Motivational framing works better than sacrifice framing to increase engagement
https://doi.org/10.1016/j.jarmac.2021.10.002,Journal of Applied Research in Memory and Cognition,When Fairness is Flawed: Effects of False Balance Reporting and Weight-of-Evidence Statements on Beliefs and Perceptions of Climate Change,2021,Imundo & Rapp,Yes,552,Climate_Change,Climate,Environment,"Fictional_Interview,Fictional_Interview","Other_Text,Other_Text","Text,Text",None,Perceived_competence,Judgment,Epistemic,"perceived expertise,global warming belief scale",None,None,N/A,"(1) Contrarian claims make issues seem more contentious,reduce perceived competence
(2) statements about broader consensus can improve perception"
https://doi.org/10.22323/2.20070208,JCOM,"Understanding the relationship between sharing personal anecdotes,warmth,curiosity,risk perception and mitigation in communicating the threat of Climate Change",2021,Maktoufi,Yes,36,Wildlife,Animals,Environment,Photographs,Pictures,Image,None,Perceived_likability,Liking,Attitudinal,Q-method,None,None,N/A,"(1) Anecdotes don't affect curiosity or risk perception
(2) There is positive relationship between curiosity and risk perception and between trust in scientists and risk perception."
https://doi.org/10.22323/2.20070205,JCOM,Uniquely disgusting? Physiological disgust and attitudes toward GM food and other food and health technologies,2021,Chinn & Hasell,Yes,73,GMO,Techniques,Technology,Photographs,Pictures,Image,None,"Perceived_risk,Policy_support","Judgment,supporting","Epistemic,Attitudinal","heart rate sensors,risk perception questionnaire",None,None,N/A,"(1) Disgust drives skepticism towards GM food,but not other food and health technologies"
https://doi.org/10.22323/2.20050208,JCOM,Co-benefits associated with public support for climate-friendly COVID-19 recovery policies and political activism,2021,Thaker & FLoyd,Yes,1040,COVID,Disease,Health,Natural_Variables,Natural_Variables,Other,None,"Policy_support,Intention_to_act","supporting,Doing","Attitudinal,Behavioral","co-benefit questionnaire,policy support questionnaire,intention to engage questionnaire",None,None,N/A,"(1) perceptions of co-benefits of actions to address Climate Change and infectious disease is associated with policy support and engagement
(2) Effect mediated through perceived efficacy"
https://doi.org/10.1080/10410236.2014.916777,Health Communications,"Toward a theory of persuasive hope: effects of cognitive appraisals,hope appeals,and hope in the context of Climate Change",2014,Chadwick,Yes,245,Climate_Change,Climate,Environment,General_Text,Other_Text,Text,None,"Persuasion,Intention_to_act","Belief,Doing","Epistemic,Behavioral","behavioral intention questionnaire,perceived efficacy,perceived hope",Hope,Joy,N/A,(1) hope appeals is persuasive and motivates behavior
https://doi.org/10.1016/J.GLOENVCHA.2018.09.013,Global Environmental Change,Taking Climate Change here and now – mitigating ideological polarization with psychological distance,2018,Chu & Yang,Yes,1086,Climate_Change,Climate,Environment,Video,Video_and_TV,Image,proximal/distant,"Policy_support,Perceived_risk","supporting,Judgment","Attitudinal,Epistemic","risk perception questionnaire,questionnaire",None,None,N/A,"(1) Ideological polarization in CC perception is reduced when presented with closeness frames contra distant framing. However,cultural worldwiev and environmental value still had consistent influence regardless of framing"
https://doi.org/10.1016/j.jenvp.2009.11.010,Journal of Environmental Psychology,Collective guilt mediates the effect of beliefs about global warming on willingness to engage in mitigation behavior,2010,Ferguson & Branscombe,Yes,79,Climate_Change,Climate,Environment,In-person_Text_Survey,In-person,Other,None,Willingness_to_engage,Doing,Behavioral,collective guilt questionnaire,Guilt,Sadness,Input,(1) Collective guilt mediates willingness to engage in mitigating behaviour
https://doi.org/10.1037/0022-3514.79.5.701,Journal of Personality and Social Psychology,The Role of Transportation in the Persuasiveness of Public Narrative,2000,Green & Brock,Yes,274,General_Science,Natural_Science,Other,General_Text,Other_Text,Text,fiction/non-fiction,Recollection,Thinking,Epistemic,"recall test,transportation questionnaire",None,None,N/A,(1) Transportation (absorption into a story) leads to more story-consistent beliefs and evaluations
https://doi.org/10.1086/678300,Journal of Consumer Research,Emotions Shape Decisions through Construal Level: The Case of Guilt and Shame,2014,Han et al.,Yes,171,None,None,None,Verbal_Instructions,In-person,Other,None,"Intention_to_act,Observed_behavior","Doing,Doing","Behavioral,Behavioral","intention to participate questionnaire,observed choice of MP3","Guilt,Shame","Sadness,Sadness",Input,(1) Guilt and shame affect differently
https://doi.org/10.1111/risa.12601,Risk Analysis,The Future is Now: Reducing Psychological Distance to Increase Public Engagement with Climate Change,2016,Jones et al.,Yes,333,Climate_Change,Climate,Environment,Video,Video_and_TV,Image,proximal/distal framing,Intention_to_act,Doing,Behavioral,"psychological distance questionnaire,intention to mitigate questionnaire",None,None,N/A,(1) Frames that reduce psychological distance are best for increasing public engagement
https://doi.org/10.1177/1075547008329201,Science Communication,“Fear Won't Do It”: Promoting Positive Engagement With Climate Change Through Visual and Iconic Representations,2009,O'Neill & Nicholson-Cole,Yes,30,Climate_Change,Climate,Environment,Images,Pictures,Image,None,Intention_to_act,Doing,Behavioral,q-methodology,Fear,Fear,Input,"(1) Fear is ineffective for motivating personal engagement
(2) Nonthreatening images and icons that link to everyday emotions and concerns are most engaging."
https://doi.org/10.1016/j.jenvp.2018.02.001,Journal of Environmental Psychology,Does reduced psychological distance increase climate engagement? On the limits of localizing Climate Change,2018,Schuldt et al.,Yes,491,Climate_Change,Climate,Environment,Visual_Maps,Pictures,Image,proximal/distal,Policy_support,supporting,Attitudinal,policy support questionnaire,None,None,N/A,(1) Reduced psychological distance does not translate into increased policy support
https://doi.org/10.1111/risa.12140,Risk Analysis,The role of emotion in global warming policy support and opposition,2013,Smith & Leiserowitz,Yes,1001,Climate_Change,Climate,Environment,Natural_Variables,Natural_Variables,Other,None,Policy_support,supporting,Attitudinal,"policy support questionnaire,emotion questionnaire","Fear,Sadness,Hope,Depression,Guilt,Disgust,Worry","Fear,Sadness,Joy,Sadness,Sadness,Anger,Fear",Input,"(1) Discrete emotions are stronger predictor of policy support than cultural worldview,negative affect,image asociaations or sociodemographic variable
(2) worry,interest and hope are strongly associated with policy support."
https://doi.org/10.1080/17524032.2014.987304,Environmental Communication A Journal of Nature and Culture,Portraying the perils to polar bears: The role of empathic and objective perspective-taking toward animals in Climate Change communication,2014,bloodhard & Swim,Yes,241,Climate_Change,Climate,Environment,General_Text,Other_Text,Text,empathic/objective,Support_for_environmental_groups,supporting,Attitudinal,"emotions questionnaire,support for environmental groups","Worry,Compassion,Distress,Shame,Pride,Anger","Fear,Love,Fear,Sadness,Joy,Anger",Input,"(1) No benefit from taking objective instead of empathetic framing
(2) Portrayals of polar bears harmed motivate to donate money to environmental activist groups. Empathy and hope explain effects for environmentalists,empathy,hope,worry,personal guilt and boredom explain effects for non-environmentalists"
https://doi.org/10.1080/13669877.2016.1247378,Journal of Risk Research,Who is afraid of the Ebola outbreak? The influence of discrete emotions on risk perception,2016,Yang & Chu,Yes,300,Ebola,Disease,Health,News_Article,Articles,Text,high risk/low risk,"Perceived_risk,Intention_to_act","Judgment,Doing","Epistemic,Behavioral","risk perception questionnaire,emotion questionnaire,intention to mitigate questionnaire","Fear,Anxiety,Anger,Disgust,Sadness","Fear,Fear,Anger,Anger,Sadness",Input,"(1) fear,anget,anxiety,disgust and sadness are positively related to risk perception
(2) Fear inhibit effect of risk information on pariticipants' support for mitigation measures"
https://doi.org/10.1177/0093650211416646,Communication Research,Boomerang effects in science communication: How motivated reasoning and identity cues amplify opinion polarization about climate mitigation policies,2011,Hart & Nisbet,Yes,240,Climate_Change,Climate,Environment,News_Article,Articles,Text,None,Policy_support,supporting,Attitudinal,knowledge and belief questionnaire,None,None,N/A,"(1) Political partisanship conditions identification with potential victims
(2) Partisanship increase degree of political polarization and resulted in boomerang effect "
https://doi.org/10.1177/0093650202250881,Communication Research,"Exploring the framing effects of emotion do discrete emotions differentially influence information accessibility,information seeking,and policy preference?",2003,Nabi,Yes,166,None,None,None,Priming_Questions,Other_Text,Text,None,"Policy_support,Information_seeking","supporting,Doing","Attitudinal,Behavioral","information accessbility questionnaire,perceived knowledge questionnaire","Fear,Anger,Enthusiasm,Contentment","Fear,Anger,Joy,Joy",Input,"(1) Fear and anger can differentially affect information accessibility,information seeking,and policy preference"
https://doi.org/10.1515/commun-2013-0011,Communications,Dealing with feelings: Positive and negative discrete emotions as mediators of news framing effects,2013,Lecheler et al.,Yes,161,None,None,None,News_Article,Articles,Text,positive/negative,"Perceived_economic_benefit,Policy_support","Judgment,supporting","Epistemic,Attitudinal","emotions questionnaire,support questionnaire","Fear,Anger,Enthusiasm,Contentment","Fear,Anger,Joy,Joy",Input,"(1) anger and enthusiasm mediate framing effects,contentment and fear do not"
https://doi.org/10.1177/1075547015619173,Science Communication,The effects of emotional appeals and gain versus loss framing in communicating sea star wasting disease,2015,Lu,Yes,555,Climate_Change,Climate,Environment,News_Article,Articles,Text,"gain/loss,sadness/hope",Intention_to_act,Doing,Behavioral,"emotions questionnaire,behavioral intention questionnaire","Sadness,Hope","Sadness,Joy",Input,"(1) Sadness appeal is effective to promote information seeking and policty support hope is ineffective in this context
(2) sadness is more effective with gain framing hope have great impact with loss framing"
https://doi.org/10.1007/s10584-015-1443-x,Climate Change,Exploring the role of incidental emotions in support for Climate Change policy,2015,Lu & Schuldt,Yes,719,Climate_Change,Climate,Environment,News_Article,Articles,Text,"proximal/distal,emotional prime","Intention_to_act,Policy_support","Doing,supporting","Behavioral,Attitudinal","support questionnaire,behavioral intention questionnaire","Anger,Guilt","Anger,Sadness",Input,"(1) guilt increase support for policies
"
https://doi.org/10.1111/0272-4332.215164,Risk Analysis,Role of negative emotion in communication about CO2 risks,2001,Meijnders et al.,Yes,162,Climate_Change,Climate,Environment,Video,Video_and_TV,Image,None,Perceived_persuasiveness,Belief,Epistemic,"risk perception,intention questionnaire",Fear,Fear,Input,(1) fear affect processing of information and resulted in favorable attitude toward energy conservation
https://doi.org/10.1016/j.gloenvcha.2010.07.002,Global Environmental Change,Framing and communicating Climate Change: The effects of distance and outcome frame manipulations,2010,Spence & Nick,Yes,161,Climate_Change,Climate,Environment,"General_Text,Visual_Maps,Picture","General_Text,Pictures,Picture","Text,Image,Image","gain/loss,local/distant",Perceived_severity,Judgment,Epistemic,"attention questionnaire,perceived severity questionnaire ",Fear,Fear,Input,"(1) gain frames increase perceived severity
(2) better effect of gain frame partially suppressed by lower fear response and poorer information recall "
https://doi.org/10.1016/j.gloenvcha.2014.12.006,Global Environmental Change,"Framing,partisan predispositions,and public opinion on Climate Change",2015,Wiest et al.,Yes,198,Climate_Change,Climate,Environment,Video,Video_and_TV,Image,"loss/benefit,local/global","Perceived_severity,Intention_to_act,Attitude_change","Judgment,Doing,Liking","Epistemic,Behavioral,Attitudinal","behavioral intention questionnaire,perceived benefit questionnaire",None,None,N/A,"(1) local framing increase perception of severity and support for policy
(2) benefit framing weakens perceptions of severity and support for policy action"
https://doi.org/10.1006/jesp.1994.1009,Journal of Experimental Social Psychology,Negative emotion and message processing,1994,Baron et al.,Yes,94,None,None,None,Tape_Recording,Other_Sound,Sound,low fear/high fear,Recollection,Thinking,Epistemic,"perceived message quality,memory",Fear,Fear,Input,(1) fear leads to more careful information processing
https://doi.org/10.1371/journal.pone.0114335,PLOS ONE,The effect of framing and normative messages in building support for climate policies,2014,Hurlstone et al.,Yes,120,Climate_Change,Climate,Environment,General_Text,Other_Text,Text,foregone gain/loss,Policy_support,supporting,Attitudinal,policy support questionnaire,None,None,N/A,(1) gain-frame effective for policy support
https://doi.org/10.1007/s10584-006-9059-9,Climate Change,"Climate Change risk perception and policy preferences: the role of affect,imagery,and values",2005,Leiserowitz,Yes,673,Climate_Change,Climate,Environment,Images,Pictures,Image,None,"Perceived_risk,Policy_support","Judgment,supporting","Epistemic,Attitudinal","risk perception questionnaire,policy support questionnaire,emotion questionnaire",None,None,N/A,"(1) risk perception and policy support is influenced by affect,imagery,and values"
https://doi.org/10.1177/1075547020987555,Science Communication,"Fish Tales: How Narrative Modality,Emotion,and Transportation Influence Support for Sustainable Aquaculture",2021,Rickard et al.,Yes,2225,Climate_Change,Climate,Environment,"Video,General_Text","Video,General_Text","Image,Text",None,"Perceived_risk,Policy_support","Judgment,supporting","Epistemic,Attitudinal","risk perception,emotion questionnaire,transportation questionnaire,support",None,None,N/A,"(1) Text is more transporting than video
(2) transporting lead to lower risk perception and high support"
https://doi.org/10.1177/1075547020960465,Science Communication,"Stars—They’re Sick Like Us! The Effects of a Celebrity Exemplar on COVID-19-Related Risk Cognitions,Emotions,and Preventative Behavioral Intentions",2020,Cohen ,Yes,213,COVID,Disease,Health,Vignette,Other_Text,Text,None,"Perceived_severity,Intention_to_act","Judgment,Doing","Epistemic,Behavioral","perceived severity,behavioral intention questionnaire",None,None,N/A,(1) Celebrity examples increase anxiety and increase engagement in preventive behavior
https://doi.org/10.1177/1075547014549480,Science Communication,Communicating Food Safety via the Social Media: The Role of Knowledge and Emotions on Risk Perception and Prevention,2014,Mou & Lin,Yes,1360,Food,Consumables,Health,Natural_Variables,Natural_Variables,Other,None,Perceived_risk,Judgment,Epistemic,risk perception questionnaire,"Anger,Sadness,Fear,Anxiety,Resentment","Anger,Sadness,Fear,Fear,Anger",Input,(1) Emotional response is predictor of safety risk perception and preventive action compared to factual awareness
https://doi.org/10.1177/1075547014547159,Science Communication,Do PSAs Take a Bite Out of Shark Week? The Effects of Juxtaposing Environmental Messages With Violent Images of Shark Attacks,2014,Myrick & Evans,Yes,531,Climate_Change,Climate,Environment,Video,Video_and_TV,Image,None,"Perceived_severity,Intention_to_act","Judgment,Doing","Epistemic,Behavioral","perceived threat,intention to seek information,",Fear,Fear,Input,(1) public service announcements increase fear and perceived threat and affect support for policy and information seeking. 
https://doi.org/10.1177/1075547020959818,Science Communication,A Metacognitive Approach to Reconsidering Risk Perceptions and Uncertainty: Understand Information Seeking During COVID-19,2020,Huang & Yang,Yes,381,COVID,Disease,Health,Natural_Variables,Natural_Variables,Other,None,Information_seeking,Doing,Behavioral,"risk perception questionnaire,information-seeking questionnaire","Fear,Anxiety,Worry,Hope","Fear,Fear,Fear,Joy",Input,"(1) risk perception and uncertainty predict information seeking
(1) hope effect depend on interaction between uncertainty and risk perception"
https://doi.org/10.1177/1075547018760902,Science Communication,Images That Engage People With Sustainable Urban Water Management,2018,Schultz,Yes,23,Climate_Change,Climate,Environment,Images,Pictures,Image,None,Affective_response,Feeling,Affective,Image-sorting Q-method,Unspecified,None,Output,"(1) images of ocean ilicit positive emotions,stormwater evoked negative emotions,"
https://doi.org/10.1177/1075547019894342,Science Communication,Scared Yet Compassionate? Exploring the Order Effects of Threat Versus Suffering Messages on Attitude Toward Scary Victims,2020,Lu et al.,Yes,1506,Wildlife,Animals,Environment,"Picture,General_Text","Picture,General_Text","Image,Text",threat/suffering,Attitude_change,Liking,Attitudinal,"emotion,attitude towards bat questionnaire","Compassion,Fear","Love,Fear",Input,"(1) compassion,not fear,mediate effects of threat and suffering messages"
https://doi.org/10.1177/1075547019860847,Science Communication,A Social Identity Approach to Engaging Christians in the Issue of Climate Change,2019,Goldberg et al,Yes,620,Climate_Change,Climate,Environment,General_Text,Other_Text,Text,moral/religious/health/economic,Motivation,Doing,Behavioral,risk perception questionnaire,None,None,N/A,(1) framing environmental protection as a moral and religious issue is effective 
https://doi.org/10.1177/1075547020927017,Science Communication,The Effects of Establishing Intimacy and Consubstantiality on Group Discussions About Climate Change Solutions,2020,Bloomfield et al.,Yes,329,Climate_Change,Climate,Environment,General_Article,Articles,Text,None,Engagement,Doing,Behavioral,"open-ended question,group questionnaire",None,None,N/A,(1) intimate groups more likely to exhibit commonality
https://doi.org/10.1038/s41598-022-06316-2,Scientific Reports,Communicate hope to motivate the public during the COVID-19 pandemic,2022,Petersen et al.,Yes,3022,General_Health,Other_Health,Health,"General_Text_and_Visual_Aid,General_Text_and_Visual_Aid","Other_Text,Other_Text","Text,Text",hope/fear,Motivation,Doing,Behavioral,Questionnaire,"Hope,Fear","Joy,Fear",Input,(1) hope oriented visual communication motivates public action more than fear-oriented communication